Metric,0.3um Model,CO2 Model
R² Score,0.9165,0.9140
RMSE,287.9399,4.7941
MAE,232.2714,4.2317
Intercept,97681.2714,3945.8423
Vis (MI),-26.956605,-0.800198
Air Temp (F),-5876.554538,-87.962742
Dewpoint (F),5743.749995,84.441316
Rel Hum,-1684.406799,-26.580727
Sea Level Pressure (MB),75.444259,-0.772089
Precip 1hr,-9600.658880,-23.197103
Prevailing Wind Magnitude (MPH),61.244479,1.746003
time,-25.311701,-0.567858
Cloud Height 1 (100s of ft),-4.201748,0.276354
