Feature,0.3um_R2_mean,0.3um_R2_std,0.3um_R2_CI_lower,0.3um_R2_CI_upper,CO2_R2_mean,CO2_R2_std,CO2_R2_CI_lower,CO2_R2_CI_upper
Vis (MI),0.1525857246548065,0.19059745390750515,4.2256102375992466e-05,0.605167213945953,0.0639718266909433,0.076822067716559,8.340660480403772e-05,0.24989577447915615
Air Temp (F),0.17330433741906362,0.16522640387563178,0.0007626926191559851,0.6002605206220772,0.3532009672623581,0.12652132706206565,0.1248704575661218,0.59613625740684
Dewpoint (F),0.3000095719930598,0.17376161977076543,0.0020841687181233975,0.6569940124408106,0.6237283159276577,0.13342147164154053,0.30912679446531827,0.8363662001871355
Rel Hum,0.46005081098145395,0.23669536409473166,0.13246076922151456,0.9094616031061608,0.45991320608261266,0.2077996902270524,0.01780276162845632,0.8072623685551857
Sea Level Pressure (MB),0.3832495475862276,0.10897433366631341,0.195341763286059,0.6240051244349376,0.18629454646692772,0.11047201718321424,0.02738218937298256,0.4407752753150463
Precip 1hr,0.12247065176367397,0.07762693334168526,0.010966225551364192,0.32091984088001224,0.0670410230374051,0.07556772022127795,0.0001630070548809759,0.2802953249991148
Prevailing Wind Magnitude (MPH),0.21308630607933826,0.16973324792041194,0.0005059578475708702,0.5693957386049645,0.3063009664294189,0.18789493322095577,0.005390498165132597,0.6881619875171697
time,0.27523449425626745,0.16057745067010512,0.042143086382198124,0.6555847383187726,0.41831921250597065,0.24784673290223136,0.013264188810421282,0.8443450265783033
Cloud Height 1 (100s of ft),0.22650653361224657,0.23099247358038053,0.0004458402450902194,0.8581534698279473,0.27887834621765883,0.21429841857792487,0.0013812983473118848,0.8516673590418307
