{
    "timestamp": "20260120_192843",
    "model_file": "xgboost_co2_20260120_192843_rmse15.89_r2-1.3046.json",
    "metrics": {
        "RMSE": 15.89318284000477,
        "R2": -1.30464503203659,
        "MSE": 252.59326078582208
    },
    "training_info": {
        "training_samples": 49060,
        "test_samples": 12265,
        "n_features": 25,
        "n_estimators": 5000,
        "training_time_seconds": 15.044777393341064
    }
}