{"learner":{"attributes":{"scikit_learn":"{\"_estimator_type\": \"regressor\"}"},"feature_names":["Prevailing Wind Magnitude (MPH)","Gust Wind Magnitude (MPH)","Vis (MI)","Cloud Height 1 (100s of ft)","Cloud Height 2 (100s of ft)","Cloud Height 3 (100s of ft)","Cloud Height 4 (100s of ft)","Air Temp (F)","Dewpoint (F)","6hr Max (F)","6hr Min (F)","Rel Hum","Wind Chill (F)","Heat Index (F)","Sea Level Pressure (MB)","Precip 1hr","Precip 3hr","Precip 6hr","cloud_code_1","cloud_code_2","cloud_code_3","cloud_code_4","prevailing_wind_dir_code","gust_wind_dir_code","weather_code"],"feature_types":["float","float","float","float","float","float","float","float","float","float","float","float","float","float","float","float","float","float","float","float","float","float","float","float","float"],"gradient_booster":{"model":{"cats":{"enc":[],"feature_segments":[],"sorted_idx":[]},"gbtree_model_param":{"num_parallel_tree":"1","num_trees":"5"},"iteration_indptr":[0,1,2,3,4,5],"tree_info":[0,0,0,0,0],"trees":[{"base_weights":[9.235951E-6,2.1415498E3,-1.3690611E2,2.852923E3,1.4603625E3,-4.75754E2,2.3568777E2,2.6083767E3,3.5773045E1,2.2574846E1,1.2084275E3,-5.74127E2,6.8990497E2,-8.8880255E2,4.5617645E2,2.9072609E1,2.4551096E3,9.9590924E2,1.5636079E1,-7.064799E2,-2.7465936E2,8.029704E2,6.1903424E2,-9.5260675E2,-7.391826E0,3.2072778E2,2.0466531E3,2.3085703E1,2.5948483E1,1.0406781E1,9.483816E0,-8.902556E0,-4.18061E0,-8.294373E0,-1.7176445E0,9.544021E0,6.4931436E0,5.954969E0,9.293447E0,-8.673276E0,-9.66412E0,1.7127173E0,7.115886E0,7.681793E-1,2.7025864E1],"categories":[],"categories_nodes":[],"categories_segments":[],"categories_sizes":[],"default_left":[0,0,0,0,0,0,0,0,0,0,0,0,0,0,1,0,0,0,0,0,0,0,1,0,0,0,0,0,0,0,0,0,0,0,0,0,0,0,0,0,0,0,0,0,0],"id":0,"left_children":[1,3,5,7,9,11,13,15,-1,-1,17,19,21,23,25,-1,27,29,-1,31,33,35,37,39,-1,41,43,-1,-1,-1,-1,-1,-1,-1,-1,-1,-1,-1,-1,-1,-1,-1,-1,-1,-1],"loss_changes":[1.438455E10,1.4243717E9,5.822127E9,2.459351E8,3.0011264E8,2.7697756E9,5.446102E9,4.2381824E7,0E0,0E0,8.509658E7,8.825656E8,1.4567424E7,3.367219E7,3.955462E9,0E0,8.773632E6,5.47072E5,0E0,8.1828045E8,3.8962582E8,1.61568E7,7.919072E6,2.12992E6,0E0,9.8851904E8,1.8616806E9,0E0,0E0,0E0,0E0,0E0,0E0,0E0,0E0,0E0,0E0,0E0,0E0,0E0,0E0,0E0,0E0,0E0,0E0],"parents":[2147483647,0,0,1,1,2,2,3,3,4,4,5,5,6,6,7,7,10,10,11,11,12,12,13,13,14,14,16,16,17,17,19,19,20,20,21,21,22,22,23,23,25,25,26,26],"right_children":[2,4,6,8,10,12,14,16,-1,-1,18,20,22,24,26,-1,28,30,-1,32,34,36,38,40,-1,42,44,-1,-1,-1,-1,-1,-1,-1,-1,-1,-1,-1,-1,-1,-1,-1,-1,-1,-1],"split_conditions":[1.0008E3,4E0,6.5E1,4.21E1,1.1E1,1.0239E3,2.1E1,6E0,3.5773045E1,2.2574846E1,2.2E1,4.4E1,6E0,3.51E1,2.5E2,2.9072609E1,1E1,5E0,1.5636079E1,4.1E1,1.99E1,1.7E2,1.5E1,1.4E2,-7.391826E0,1.0253E3,8E0,2.3085703E1,2.5948483E1,1.0406781E1,9.483816E0,-8.902556E0,-4.18061E0,-8.294373E0,-1.7176445E0,9.544021E0,6.4931436E0,5.954969E0,9.293447E0,-8.673276E0,-9.66412E0,1.7127173E0,7.115886E0,7.681793E-1,2.7025864E1],"split_indices":[14,22,3,7,3,14,8,0,0,0,3,3,0,7,5,0,2,0,0,7,8,4,0,3,0,14,0,0,0,0,0,0,0,0,0,0,0,0,0,0,0,0,0,0,0],"split_type":[0,0,0,0,0,0,0,0,0,0,0,0,0,0,0,0,0,0,0,0,0,0,0,0,0,0,0,0,0,0,0,0,0,0,0,0,0,0,0,0,0,0,0,0,0],"sum_hessian":[4.906E4,2.947E3,4.6113E4,1.44E3,1.507E3,2.415E4,2.1963E4,1.08E3,3.6E2,3.6E2,1.147E3,2.2271E4,1.879E3,3.6E3,1.8363E4,3.6E2,7.2E2,7.2E2,4.27E2,1.5444E4,6.827E3,7.2E2,1.159E3,2.52E3,1.08E3,1.6923E4,1.44E3,3.6E2,3.6E2,3.6E2,3.6E2,9.432E3,6.012E3,1.067E3,5.76E3,3.6E2,3.6E2,1.08E3,7.9E1,3.6E2,2.16E3,1.2243E4,4.68E3,3.6E2,1.08E3],"tree_param":{"num_deleted":"0","num_feature":"25","num_nodes":"45","size_leaf_vector":"1"}},{"base_weights":[3.9058158E-3,2.1201926E3,-1.3553664E2,2.824473E3,1.4457975E3,-4.709961E2,2.3333138E2,2.5823652E3,3.54163E1,2.2349722E1,1.1963741E3,-5.683867E2,6.830226E2,-8.799217E2,4.5161667E2,2.878269E1,2.4306267E3,9.859778E2,1.54800825E1,-6.994159E2,-2.719142E2,7.949629E2,6.1285706E2,-9.43088E2,-7.317976E0,3.1752103E2,2.0262058E3,2.2855486E1,2.5689716E1,1.0303001E1,9.389241E0,-8.8135395E0,-4.1388106E0,-8.211506E0,-1.700471E0,9.448844E0,6.4283924E0,5.895475E0,9.2016735E0,-8.586784E0,-9.567524E0,1.695591E0,7.044742E0,7.605187E-1,2.6755854E1],"categories":[],"categories_nodes":[],"categories_segments":[],"categories_sizes":[],"default_left":[0,0,0,0,0,0,0,0,0,0,0,0,0,0,1,0,0,0,0,0,0,0,1,0,0,0,0,0,0,0,0,0,0,0,0,0,0,0,0,0,0,0,0,0,0],"id":1,"left_children":[1,3,5,7,9,11,13,15,-1,-1,17,19,21,23,25,-1,27,29,-1,31,33,35,37,39,-1,41,43,-1,-1,-1,-1,-1,-1,-1,-1,-1,-1,-1,-1,-1,-1,-1,-1,-1,-1],"loss_changes":[1.4099022E10,1.3961083E9,5.7062687E9,2.410537E8,2.941586E8,2.714734E9,5.3377976E9,4.154112E7,0E0,0E0,8.340557E7,8.6500045E8,1.4278976E7,3.300224E7,3.8768335E9,0E0,8.599552E6,5.3632E5,0E0,8.019968E8,3.8188102E8,1.583616E7,7.766944E6,2.086144E6,0E0,9.688531E8,1.8246646E9,0E0,0E0,0E0,0E0,0E0,0E0,0E0,0E0,0E0,0E0,0E0,0E0,0E0,0E0,0E0,0E0,0E0,0E0],"parents":[2147483647,0,0,1,1,2,2,3,3,4,4,5,5,6,6,7,7,10,10,11,11,12,12,13,13,14,14,16,16,17,17,19,19,20,20,21,21,22,22,23,23,25,25,26,26],"right_children":[2,4,6,8,10,12,14,16,-1,-1,18,20,22,24,26,-1,28,30,-1,32,34,36,38,40,-1,42,44,-1,-1,-1,-1,-1,-1,-1,-1,-1,-1,-1,-1,-1,-1,-1,-1,-1,-1],"split_conditions":[1.0008E3,4E0,6.5E1,4.21E1,1.1E1,1.0239E3,2.1E1,6E0,3.54163E1,2.2349722E1,2.2E1,4.4E1,6E0,3.51E1,2.5E2,2.878269E1,1E1,5E0,1.54800825E1,4.1E1,1.99E1,1.7E2,1.5E1,1.4E2,-7.317976E0,1.0253E3,8E0,2.2855486E1,2.5689716E1,1.0303001E1,9.389241E0,-8.8135395E0,-4.1388106E0,-8.211506E0,-1.700471E0,9.448844E0,6.4283924E0,5.895475E0,9.2016735E0,-8.586784E0,-9.567524E0,1.695591E0,7.044742E0,7.605187E-1,2.6755854E1],"split_indices":[14,22,3,7,3,14,8,0,0,0,3,3,0,7,5,0,2,0,0,7,8,4,0,3,0,14,0,0,0,0,0,0,0,0,0,0,0,0,0,0,0,0,0,0,0],"split_type":[0,0,0,0,0,0,0,0,0,0,0,0,0,0,0,0,0,0,0,0,0,0,0,0,0,0,0,0,0,0,0,0,0,0,0,0,0,0,0,0,0,0,0,0,0],"sum_hessian":[4.906E4,2.947E3,4.6113E4,1.44E3,1.507E3,2.415E4,2.1963E4,1.08E3,3.6E2,3.6E2,1.147E3,2.2271E4,1.879E3,3.6E3,1.8363E4,3.6E2,7.2E2,7.2E2,4.27E2,1.5444E4,6.827E3,7.2E2,1.159E3,2.52E3,1.08E3,1.6923E4,1.44E3,3.6E2,3.6E2,3.6E2,3.6E2,9.432E3,6.012E3,1.067E3,5.76E3,3.6E2,3.6E2,1.08E3,7.9E1,3.6E2,2.16E3,1.2243E4,4.68E3,3.6E2,1.08E3],"tree_param":{"num_deleted":"0","num_feature":"25","num_nodes":"45","size_leaf_vector":"1"}},{"base_weights":[7.7335043E-3,2.0990486E3,-1.3418085E2,2.7963064E3,1.4313776E3,-4.662858E2,2.3099855E2,2.5566133E3,3.5063126E1,2.2126842E1,1.184441E3,-5.6270386E2,6.762088E2,-8.711296E2,4.4710248E2,2.8495659E1,2.4063877E3,9.761453E2,1.53256445E1,-6.9242255E2,-2.6919653E2,7.870353E2,6.0674146E2,-9.336643E2,-7.2448635E0,3.1434634E2,2.0059629E3,2.2627563E1,2.5433533E1,1.0200257E1,9.2956085E0,-8.725413E0,-4.0974298E0,-8.129468E0,-1.6834695E0,9.354618E0,6.3642864E0,5.836574E0,9.110806E0,-8.501154E0,-9.471893E0,1.6786368E0,6.9743094E0,7.5293475E-1,2.6488544E1],"categories":[],"categories_nodes":[],"categories_segments":[],"categories_sizes":[],"default_left":[0,0,0,0,0,0,0,0,0,0,0,0,0,0,1,0,0,0,0,0,0,0,1,0,0,0,0,0,0,0,0,0,0,0,0,0,0,0,0,0,0,0,0,0,0],"id":2,"left_children":[1,3,5,7,9,11,13,15,-1,-1,17,19,21,23,25,-1,27,29,-1,31,33,35,37,39,-1,41,43,-1,-1,-1,-1,-1,-1,-1,-1,-1,-1,-1,-1,-1,-1,-1,-1,-1,-1],"loss_changes":[1.3819161E10,1.368407E9,5.592716E9,2.362706E8,2.883223E8,2.6607857E9,5.231647E9,4.07168E7,0E0,0E0,8.174848E7,8.4778394E8,1.3996224E7,3.2345856E7,3.7997676E9,0E0,8.428544E6,5.25632E5,0E0,7.860388E8,3.7429008E8,1.5521888E7,7.617696E6,2.043648E6,0E0,9.495775E8,1.7883858E9,0E0,0E0,0E0,0E0,0E0,0E0,0E0,0E0,0E0,0E0,0E0,0E0,0E0,0E0,0E0,0E0,0E0,0E0],"parents":[2147483647,0,0,1,1,2,2,3,3,4,4,5,5,6,6,7,7,10,10,11,11,12,12,13,13,14,14,16,16,17,17,19,19,20,20,21,21,22,22,23,23,25,25,26,26],"right_children":[2,4,6,8,10,12,14,16,-1,-1,18,20,22,24,26,-1,28,30,-1,32,34,36,38,40,-1,42,44,-1,-1,-1,-1,-1,-1,-1,-1,-1,-1,-1,-1,-1,-1,-1,-1,-1,-1],