{
    "timestamp": "20260120_193019",
    "model_file": "xgboost_co2_20260120_193019_rmse18.07_r2-1.9802.json",
    "metrics": {
        "RMSE": 18.073204574404397,
        "R2": -1.9802494276236917,
        "MSE": 326.640723588272
    },
    "training_info": {
        "training_samples": 49060,
        "test_samples": 12265,
        "n_features": 25,
        "n_estimators": 5,
        "training_time_seconds": 0.05713939666748047
    }
}