{
    "timestamp": "20260120_191826",
    "model_file": "xgboost_0.3um_20260120_191826_rmse1377.03_r2-0.5219.json",
    "metrics": {
        "RMSE": 1377.0326425198,
        "R2": -0.5218730899651309,
        "MSE": 1896218.8985650635
    },
    "training_info": {
        "training_samples": 66336,
        "test_samples": 16584,
        "n_features": 125,
        "n_estimators": 20,
        "training_time_seconds": 0.3584587574005127
    }
}