{
    "timestamp": "20260126_004240",
    "model_file": "xgboost_0.3um_20260126_004240_rmse550.77_r20.6371.json",
    "metrics": {
        "RMSE": 550.7727331955657,
        "R2": 0.637116340314765,
        "MSE": 303350.60363171384
    },
    "training_info": {
        "training_samples": 1140,
        "test_samples": 288,
        "n_features": 18,
        "n_estimators": 800,
        "training_time_seconds": 2.544696807861328
    }
}