{
    "timestamp": "20260126_191716",
    "model_file": "xgboost_0.3um_20260126_191716_rmse516.25_r20.6812.json",
    "metrics": {
        "RMSE": 516.2545312667254,
        "R2": 0.6811765166434707,
        "MSE": 266518.7410534264
    },
    "training_info": {
        "training_samples": 1140,
        "test_samples": 288,
        "n_features": 12,
        "n_estimators": 300,
        "training_time_seconds": 0.8103055953979492
    }
}