{
    "timestamp": "20260126_192533",
    "model_file": "xgboost_0.3um_20260126_192533_rmse544.82_r20.6449.json",
    "metrics": {
        "RMSE": 544.8184944112132,
        "R2": 0.644919982409865,
        "MSE": 296827.1918525012
    },
    "training_info": {
        "training_samples": 1140,
        "test_samples": 288,
        "n_features": 18,
        "n_estimators": 200,
        "training_time_seconds": 0.625579833984375
    }
}