{
    "timestamp": "20260125_223107",
    "model_file": "xgboost_0.3um_20260125_223107_rmse1411.23_r2-0.2003.json",
    "metrics": {
        "RMSE": 1411.2331044652924,
        "R2": -0.20033951036162123,
        "MSE": 1991578.875138747
    },
    "training_info": {
        "training_samples": 1213,
        "test_samples": 215,
        "n_features": 125,
        "n_estimators": 400,
        "training_time_seconds": 1.307354211807251
    }
}