{
    "timestamp": "20260120_192403",
    "model_file": "xgboost_0.3um_20260120_192403_rmse1217.54_r20.0382.json",
    "metrics": {
        "RMSE": 1217.5437968640936,
        "R2": 0.038185198237219,
        "MSE": 1482412.8972822332
    },
    "training_info": {
        "training_samples": 70482,
        "test_samples": 12438,
        "n_features": 125,
        "n_estimators": 400,
        "training_time_seconds": 2.331911563873291
    }
}