{
    "timestamp": "20260126_005126",
    "model_file": "xgboost_0.3um_20260126_005126_rmse23.75_r20.1405.json",
    "metrics": {
        "RMSE": 23.748789199728275,
        "R2": 0.14048059825674875,
        "MSE": 564.0049884531304
    },
    "training_info": {
        "training_samples": 1140,
        "test_samples": 288,
        "n_features": 25,
        "n_estimators": 75,
        "training_time_seconds": 0.34285783767700195
    }
}